source_driver_name,alias_driver_name,museum_driver_name,driver_id,driver_slug,match_status,review_action,notes
A.J. Anderson (WI),,A.J. Anderson (WI),,aj-anderson-wi,,,
A.J. Cooper,,A.J. Cooper,,aj-cooper,,,
Aaron Daniel,,Aaron Daniel,,aaron-daniel,,,
Al Golueke,,Al Golueke,,al-golueke,,,
Al Laufer,,Al Laufer,,al-laufer,,,
Al Papini,,Al Papini,,al-papini,,,
Al Schill,,Al Schill,,al-schill,,,
"Al Schill, Jr.",,"Al Schill, Jr.",,al-schill-jr,,,
"Al Schill, Sr.",,"Al Schill, Sr.",,al-schill-sr,,,
Al Unser,,Al Unser,,al-unser,,,
Al Weinreich,,Al Weinreich,,al-weinreich,,,
Alan Kulwicki,,Alan Kulwicki,,alan-kulwicki,,,
Allen Check,,Allen Check,,allen-check,,,
Allen Yelle,,Allen Yelle,,allen-yelle,,,
Andy Bozell,,Andy Bozell,,andy-bozell,,,
Andy Wendt,,Andy Wendt,,andy-wendt,,,
Archie Griffin,,Archie Griffin,,archie-griffin,,,
Arnie Christen,,Arnie Christen,,arnie-christen,,,
Arnie Christian,,Arnie Christian,,arnie-christian,,,
Art Sommers,,Art Sommers,,art-sommers,,,
Augie Derenne,,Augie Derenne,,augie-derenne,,,
Axel Dahlberg,,Axel Dahlberg,,axel-dahlberg,,,
B.J. Sparkman,,B.J. Sparkman,,bj-sparkman,,,
Barbara Bosak,,Barbara Bosak,,barbara-bosak,,,
Barry Shaxon,,Barry Shaxon,,barry-shaxon,,,
Bart Reinen,,Bart Reinen,,bart-reinen,,,
Bay Darnell,,Bay Darnell,,bay-darnell,,,
Bert Weltmeyer,,Bert Weltmeyer,,bert-weltmeyer,,,
Biff George,,Biff George,,biff-george,,,
Bill Berkheimer,,Bill Berkheimer,,bill-berkheimer,,,
Bill Goss,,Bill Goss,,bill-goss,,,
Bill Lenza,,Bill Lenza,,bill-lenza,,,
Bill Oas,,Bill Oas,,bill-oas,,,
"Bill Skinner, Jr.",,"Bill Skinner, Jr.",,bill-skinner-jr,,,
Bill Snowden,,Bill Snowden,,bill-snowden,,,
Bill Venturini,,Bill Venturini,,bill-venturini,,,
Bill Woodworth,,Bill Woodworth,,bill-woodworth,,,
Bill Zardo,,Bill Zardo,,bill-zardo,,,
Billy Deckman,,Billy Deckman,,billy-deckman,,,
Billy Kuhn,,Billy Kuhn,,billy-kuhn,,,
Billy Shotko,,Billy Shotko,,billy-shotko,,,
"Billy Sontag, Jr.",,"Billy Sontag, Jr.",,billy-sontag-jr,,,
Bob Abitz,,Bob Abitz,,bob-abitz,,,
Bob Brownell,,Bob Brownell,,bob-brownell,,,
Bob Carnes,,Bob Carnes,,bob-carnes,,,
Bob Curry,,Bob Curry,,bob-curry,,,
Bob Delaney,,Bob Delaney,,bob-delaney,,,
Bob Fix,,Bob Fix,,bob-fix,,,
Bob Fox,,Bob Fox,,bob-fox,,,
Bob Gunn,,Bob Gunn,,bob-gunn,,,
Bob Holley,,Bob Holley,,bob-holley,,,
Bob Iverson,,Bob Iverson,,bob-iverson,,,
Bob Jusola,,Bob Jusola,,bob-jusola,,,
Bob Lee,,Bob Lee,,bob-lee,,,
Bob Menor,,Bob Menor,,bob-menor,,,
Bob Roosa,,Bob Roosa,,bob-roosa,,,
Bob Roper,,Bob Roper,,bob-roper,,,
Bob Schippers,,Bob Schippers,,bob-schippers,,,
Bob Senneker,,Bob Senneker,,bob-senneker,,,
Bob Sensiba,,Bob Sensiba,,bob-sensiba,,,
Bob Smith (VA),,Bob Smith (VA),,bob-smith-va,,,
Bob Strait,,Bob Strait,,bob-strait,,,
Bob Theriault,,Bob Theriault,,bob-theriault,,,
Bob Vale,,Bob Vale,,bob-vale,,,
Bobby Allison (AL),,Bobby Allison (AL),,bobby-allison-al,,,
Bobby Blount,,Bobby Blount,,bobby-blount,,,
Bobby Dotter,,Bobby Dotter,,bobby-dotter,,,
Bobby Gill,,Bobby Gill,,bobby-gill,,,
Bobby Gunn,,Bobby Gunn,,bobby-gunn,,,
Bobby Iverson,,Bobby Iverson,,bobby-iverson,,,
Bobby McDonald,,Bobby McDonald,,bobby-mcdonald,,,
Bobby Menzie,,Bobby Menzie,,bobby-menzie,,,
Bobby Turzinski,,Bobby Turzinski,,bobby-turzinski,,,
Bobby Weiss,,Bobby Weiss,,bobby-weiss,,,
Bobby Weltmeyer,,Bobby Weltmeyer,,bobby-weltmeyer,,,
Bobby Wilberg,,Bobby Wilberg,,bobby-wilberg,,,
Boyes Sparkman,,Boyes Sparkman,,boyes-sparkman,,,
Brad Campbell,,Brad Campbell,,brad-campbell,,,
Brad Gress,,Brad Gress,,brad-gress,,,
Brad Loney,,Brad Loney,,brad-loney,,,
Brad Miller,,Brad Miller,,brad-miller,,,
Brad Mueller,,Brad Mueller,,brad-mueller,,,
Brian Holzhausen,,Brian Holzhausen,,brian-holzhausen,,,
Brian Hoppe,,Brian Hoppe,,brian-hoppe,,,
Brian Johnson (MN),,Brian Johnson (MN),,brian-johnson-mn,,,
Brian Joski,,Brian Joski,,brian-joski,,,
Brian Ross (IN),,Brian Ross (IN),,brian-ross-in,,,
Bruce Bares,,Bruce Bares,,bruce-bares,,,
Bruce Lee,,Bruce Lee,,bruce-lee,,,
Bruce O'Dell,,Bruce O'Dell,,bruce-odell,,,
Bruce VanderLaan,,Bruce VanderLaan,,bruce-vanderlaan,,,
Bruce White (WI),,Bruce White (WI),,bruce-white-wi,,,
Bruce Yackey,,Bruce Yackey,,bruce-yackey,,,
Bryan Daniel,,Bryan Daniel,,bryan-daniel,,,
Bryan Marcott,,Bryan Marcott,,bryan-marcott,,,
Bryan Reffner,,Bryan Reffner,,bryan-reffner,,,
Bud Kaye,,Bud Kaye,,bud-kaye,,,
Buddy Baker,,Buddy Baker,,buddy-baker,,,
Buddy Hall,,Buddy Hall,,buddy-hall,,,
Buddy Schrock,,Buddy Schrock,,buddy-schrock,,,
Burt Weitemeyer,,Burt Weitemeyer,,burt-weitemeyer,,,
Burt Weltmeyer,,Burt Weltmeyer,,burt-weltmeyer,,,
Butch Ledy,,Butch Ledy,,butch-ledy,,,
Butch Mierendorf,,Butch Mierendorf,,butch-mierendorf,,,
Butch Miller,,Butch Miller,,butch-miller,,,
Carl Lund,,Carl Lund,,carl-lund,,,
Carl Tammi,,Carl Tammi,,carl-tammi,,,
Chad Little (WA),,Chad Little (WA),,chad-little-wa,,,
Chad Nolting,,Chad Nolting,,chad-nolting,,,
Chad Roffers,,Chad Roffers,,chad-roffers,,,
Chad Wood,,Chad Wood,,chad-wood,,,
Charlie Schwoch,,Charlie Schwoch,,charlie-schwoch,,,
Chris Miles,,Chris Miles,,chris-miles,,,
Chris Orr,,Chris Orr,,chris-orr,,,
Chris Weinkauf,,Chris Weinkauf,,chris-weinkauf,,,
Chuck Acres,,Chuck Acres,,chuck-acres,,,
Chuck Dunshee,,Chuck Dunshee,,chuck-dunshee,,,
Chuck Roumell,,Chuck Roumell,,chuck-roumell,,,
Chuck Sproull,,Chuck Sproull,,chuck-sproull,,,
Clark Dwyer,,Clark Dwyer,,clark-dwyer,,,
Cliff Ebben,,Cliff Ebben,,cliff-ebben,,,
Cliff Leach,,Cliff Leach,,cliff-leach,,,
Cliff Pulley,,Cliff Pulley,,cliff-pulley,,,
Conrad Morgan,,Conrad Morgan,,conrad-morgan,,,
Coy Williams,,Coy Williams,,coy-williams,,,
Craig Johnson,,Craig Johnson,,craig-johnson,,,
Craig Letourneau,,Craig Letourneau,,craig-letourneau,,,
Craig Peterson,,Craig Peterson,,craig-peterson,,,
Curt Cheshire,,Curt Cheshire,,curt-cheshire,,,
Curt Martin,,Curt Martin,,curt-martin,,,
Curt Showalter,,Curt Showalter,,curt-showalter,,,
Curt Tillman,,Curt Tillman,,curt-tillman,,,
Dale Earnhardt,,Dale Earnhardt,,dale-earnhardt,,,
Dale Hirschfield,,Dale Hirschfield,,dale-hirschfield,,,
Dale Peterson,,Dale Peterson,,dale-peterson,,,
Dale Strasberg,,Dale Strasberg,,dale-strasberg,,,
Dale Valentyne,,Dale Valentyne,,dale-valentyne,,,
Dale Weyer,,Dale Weyer,,dale-weyer,,,
Dan Gracyalny,,Dan Gracyalny,,dan-gracyalny,,,
Dan Konieczny,,Dan Konieczny,,dan-konieczny,,,
Dan Konieczy,,Dan Konieczy,,dan-konieczy,,,
Dan O'Dell,,Dan O'Dell,,dan-odell,,,
Dan Odel,,Dan Odel,,dan-odel,,,
Dan Prziborowski,,Dan Prziborowski,,dan-prziborowski,,,
Dan Shewmake,,Dan Shewmake,,dan-shewmake,,,
Dan Young,,Dan Young,,dan-young,,,
Danny Darnell,,Danny Darnell,,danny-darnell,,,
Danny Duke,,Danny Duke,,danny-duke,,,
Danny Prziborowski,,Danny Prziborowski,,danny-prziborowski,,,
Darrell Waltrip,,Darrell Waltrip,,darrell-waltrip,,,
Dave Cox,,Dave Cox,,dave-cox,,,
Dave Evans (IL),,Dave Evans (IL),,dave-evans-il,,,
Dave Feiler,,Dave Feiler,,dave-feiler,,,
Dave Fossum,,Dave Fossum,,dave-fossum,,,
Dave Gawronski,,Dave Gawronski,,dave-gawronski,,,
Dave Hammond,,Dave Hammond,,dave-hammond,,,
Dave Hatcher,,Dave Hatcher,,dave-hatcher,,,
Dave Isen,,Dave Isen,,dave-isen,,,
Dave Jackson,,Dave Jackson,,dave-jackson,,,
Dave Klein,,Dave Klein,,dave-klein,,,
Dave Magnus,,Dave Magnus,,dave-magnus,,,
Dave Nelson,,Dave Nelson,,dave-nelson,,,
Dave Noble,,Dave Noble,,dave-noble,,,
Dave Price,,Dave Price,,dave-price,,,
Dave Reid,,Dave Reid,,dave-reid,,,
Dave Roahrig,,Dave Roahrig,,dave-roahrig,,,
Dave Schmitt,,Dave Schmitt,,dave-schmitt,,,
Dave Selck,,Dave Selck,,dave-selck,,,
Dave Sensiba,,Dave Sensiba,,dave-sensiba,,,
Dave Taylor,,Dave Taylor,,dave-taylor,,,
Dave Valentyne,,Dave Valentyne,,dave-valentyne,,,
Dave Watson,,Dave Watson,,dave-watson,,,
Dave Weltmeyer,,Dave Weltmeyer,,dave-weltmeyer,,,
David Anspaugh,,David Anspaugh,,david-anspaugh,,,
David Bates,,David Bates,,david-bates,,,
David Duckworth,,David Duckworth,,david-duckworth,,,
David Nauman,,David Nauman,,david-nauman,,,
David Nelson,,David Nelson,,david-nelson,,,
David Simko,,David Simko,,david-simko,,,
David Tomczak,,David Tomczak,,david-tomczak,,,
DeWaine McGunegill,,DeWaine McGunegill,,dewaine-mcgunegill,,,
Deb Langsdorf,,Deb Langsdorf,,deb-langsdorf,,,
Debbie Nash,,Debbie Nash,,debbie-nash,,,
Dennis Aho,,Dennis Aho,,dennis-aho,,,
Dennis Berry,,Dennis Berry,,dennis-berry,,,
Dennis Byrne,,Dennis Byrne,,dennis-byrne,,,
Dennis Carlson,,Dennis Carlson,,dennis-carlson,,,
Dennis James,,Dennis James,,dennis-james,,,
Dennis Lampman,,Dennis Lampman,,dennis-lampman,,,
Dennis Lockhart,,Dennis Lockhart,,dennis-lockhart,,,
Dennis Martin (FL),,Dennis Martin (FL),,dennis-martin-fl,,,
Dennis Miller,,Dennis Miller,,dennis-miller,,,
Dennis Nyari,,Dennis Nyari,,dennis-nyari,,,
Dennis Vogel,,Dennis Vogel,,dennis-vogel,,,
Denny James,,Denny James,,denny-james,,,
Denny Paasch,,Denny Paasch,,denny-paasch,,,
Dick Baker,,Dick Baker,,dick-baker,,,
Dick Barker,,Dick Barker,,dick-barker,,,
Dick Harrington,,Dick Harrington,,dick-harrington,,,
Dick Kirkman,,Dick Kirkman,,dick-kirkman,,,
Dick Stang,,Dick Stang,,dick-stang,,,
Dick Trickle,,Dick Trickle,,dick-trickle,,,
Don Anderson,,Don Anderson,,don-anderson,,,
Don Biederman,,Don Biederman,,don-biederman,,,
Don Collins,,Don Collins,,don-collins,,,
Don Crnkovich,,Don Crnkovich,,don-crnkovich,,,
Don James,,Don James,,don-james,,,
Don Leach,,Don Leach,,don-leach,,,
Don Mallat,,Don Mallat,,don-mallat,,,
Don Marcis,,Don Marcis,,don-marcis,,,
Don Marmor,,Don Marmor,,don-marmor,,,
Don Marrant,,Don Marrant,,don-marrant,,,
Don Miller,,Don Miller,,don-miller,,,
Don Moon,,Don Moon,,don-moon,,,
Don Turner (WI),,Don Turner (WI),,don-turner-wi,,,
Don Walter,,Don Walter,,don-walter,,,
Don Wilson,,Don Wilson,,don-wilson,,,
Doug Drost,,Doug Drost,,doug-drost,,,
Doug Figna,,Doug Figna,,doug-figna,,,
Doug Frost,,Doug Frost,,doug-frost,,,
Doug Herbst,,Doug Herbst,,doug-herbst,,,
Doug Hillson,,Doug Hillson,,doug-hillson,,,
Doug Klein,,Doug Klein,,doug-klein,,,
Doug Lane,,Doug Lane,,doug-lane,,,
Doug Mayr,,Doug Mayr,,doug-mayr,,,
Doug Poink,,Doug Poink,,doug-poink,,,
Doug Richards,,Doug Richards,,doug-richards,,,
Doug Strasburg,,Doug Strasburg,,doug-strasburg,,,
Duane Pierson,,Duane Pierson,,duane-pierson,,,
Dudley Fleck,,Dudley Fleck,,dudley-fleck,,,
Duke Gardiner,,Duke Gardiner,,duke-gardiner,,,
"Duke Nalon, III",,"Duke Nalon, III",,duke-nalon-iii,,,
Dwain Behrens,,Dwain Behrens,,dwain-behrens,,,
Ed Cooper,,Ed Cooper,,ed-cooper,,,
Ed Dunne,,Ed Dunne,,ed-dunne,,,
Ed Evans,,Ed Evans,,ed-evans,,,
Ed Hoffman,,Ed Hoffman,,ed-hoffman,,,
Ed Holmes,,Ed Holmes,,ed-holmes,,,
Ed Howe,,Ed Howe,,ed-howe,,,
Ed Schubert,,Ed Schubert,,ed-schubert,,,
Eddie Hoffman,,Eddie Hoffman,,eddie-hoffman,,,
Eddie May,,Eddie May,,eddie-may,,,
Eric Fransen,,Eric Fransen,,eric-fransen,,,
Everett DeWitt,,Everett DeWitt,,everett-dewitt,,,
Fran Prestay,,Fran Prestay,,fran-prestay,,,
Fran Prestey,,Fran Prestey,,fran-prestey,,,
Frank Gawlinski,,Frank Gawlinski,,frank-gawlinski,,,
"Frank Giuffre, Jr.",,"Frank Giuffre, Jr.",,frank-giuffre-jr,,,
Fred Barker,,Fred Barker,,fred-barker,,,
Fred Becker,,Fred Becker,,fred-becker,,,
Fred Beckler,,Fred Beckler,,fred-beckler,,,
Fred Bender,,Fred Bender,,fred-bender,,,
Fred Campbell,,Fred Campbell,,fred-campbell,,,
Fred Gignac,,Fred Gignac,,fred-gignac,,,
Fred Gingac,,Fred Gingac,,fred-gingac,,,
Fred Malecki,,Fred Malecki,,fred-malecki,,,
Fred Mott,,Fred Mott,,fred-mott,,,
Fred Winn,,Fred Winn,,fred-winn,,,
Fred Zack,,Fred Zack,,fred-zack,,,
G.I. Tarbuck,,G.I. Tarbuck,,gi-tarbuck,,,
Gary Back,,Gary Back,,gary-back,,,
Gary Hemmerling,,Gary Hemmerling,,gary-hemmerling,,,
Gary Krueger,,Gary Krueger,,gary-krueger,,,
Gary Porter,,Gary Porter,,gary-porter,,,
Gary Roehrborn,,Gary Roehrborn,,gary-roehrborn,,,
Gary Ward,,Gary Ward,,gary-ward,,,
Gayle Cobb,,Gayle Cobb,,gayle-cobb,,,
Gene Claxton,,Gene Claxton,,gene-claxton,,,
Gene Coleman,,Gene Coleman,,gene-coleman,,,
Gene Eding,,Gene Eding,,gene-eding,,,
Gene Lee Gibson,,Gene Lee Gibson,,gene-lee-gibson,,,
Gene Mathu,,Gene Mathu,,gene-mathu,,,
George Dukas,,George Dukas,,george-dukas,,,
George Hill (IL),,George Hill (IL),,george-hill-il,,,
George Jewell,,George Jewell,,george-jewell,,,
George Perkins,,George Perkins,,george-perkins,,,
"George Prentice, Jr.",,"George Prentice, Jr.",,george-prentice-jr,,,
George Prziborowski,,George Prziborowski,,george-prziborowski,,,
Gerry Woods,,Gerry Woods,,gerry-woods,,,
Gil Shilts,,Gil Shilts,,gil-shilts,,,
Gil Tarbath,,Gil Tarbath,,gil-tarbath,,,
Gil Tarbutton,,Gil Tarbutton,,gil-tarbutton,,,
Gledius Frye,,Gledius Frye,,gledius-frye,,,
"Glenn Allen, Jr.",,"Glenn Allen, Jr.",,glenn-allen-jr,,,
"Gordie Sannes, Jr.",,"Gordie Sannes, Jr.",,gordie-sannes-jr,,,
Gordy Brunette,,Gordy Brunette,,gordy-brunette,,,
Gordy Sannes,,Gordy Sannes,,gordy-sannes,,,
Grant Wilson,,Grant Wilson,,grant-wilson,,,
Greg Arenson,,Greg Arenson,,greg-arenson,,,
Greg DeLapp,,Greg DeLapp,,greg-delapp,,,
Greg Guzzo,,Greg Guzzo,,greg-guzzo,,,
Greg Holzhausen,,Greg Holzhausen,,greg-holzhausen,,,
Greg Sacks,,Greg Sacks,,greg-sacks,,,
Gregg DiMaggio,,Gregg DiMaggio,,gregg-dimaggio,,,
Hal Davis,,Hal Davis,,hal-davis,,,
Harold Fair,,Harold Fair,,harold-fair,,,
Hub Schulenberg,,Hub Schulenberg,,hub-schulenberg,,,
J.J. Meyer,,J.J. Meyer,,jj-meyer,,,
J.J. Smith,,J.J. Smith,,jj-smith,,,
J.R. Roahrig,,J.R. Roahrig,,jr-roahrig,,,
Jack Carey,,Jack Carey,,jack-carey,,,
Jack Gritter,,Jack Gritter,,jack-gritter,,,
Jack Landis,,Jack Landis,,jack-landis,,,
James Bond,,James Bond,,james-bond,,,
Jamie McMurray,,Jamie McMurray,,jamie-mcmurray,,,
Jamie Neville,,Jamie Neville,,jamie-neville,,,
Jamie Wallace,,Jamie Wallace,,jamie-wallace,,,
Jason Schneider,,Jason Schneider,,jason-schneider,,,
Jason Schuler,,Jason Schuler,,jason-schuler,,,
Jasper Case,,Jasper Case,,jasper-case,,,
Jay Sauter,,Jay Sauter,,jay-sauter,,,
Jay Sommers,,Jay Sommers,,jay-sommers,,,
Jay Watson,,Jay Watson,,jay-watson,,,
Jeff Falbe,,Jeff Falbe,,jeff-falbe,,,
Jeff Finley,,Jeff Finley,,jeff-finley,,,
Jeff Fredrickson,,Jeff Fredrickson,,jeff-fredrickson,,,
Jeff Hunter (MO),,Jeff Hunter (MO),,jeff-hunter-mo,,,
Jeff Kendall,,Jeff Kendall,,jeff-kendall,,,
Jeff Klem,,Jeff Klem,,jeff-klem,,,
Jeff Neal,,Jeff Neal,,jeff-neal,,,
Jeff Van Oudenhoven,,Jeff Van Oudenhoven,,jeff-van-oudenhoven,,,
Jerry Churchill,,Jerry Churchill,,jerry-churchill,,,
Jerry Cook (OH),,Jerry Cook (OH),,jerry-cook-oh,,,
Jerry Davidson,,Jerry Davidson,,jerry-davidson,,,
Jerry Eckhardt,,Jerry Eckhardt,,jerry-eckhardt,,,
Jerry Ekhard,,Jerry Ekhard,,jerry-ekhard,,,
Jerry Ekhardt,,Jerry Ekhardt,,jerry-ekhardt,,,
Jerry Gille,,Jerry Gille,,jerry-gille,,,
Jerry Kemperman,,Jerry Kemperman,,jerry-kemperman,,,
Jerry Lewis (IL),,Jerry Lewis (IL),,jerry-lewis-il,,,
Jerry Longnecker,,Jerry Longnecker,,jerry-longnecker,,,
Jerry Schild,,Jerry Schild,,jerry-schild,,,
Jerry White,,Jerry White,,jerry-white,,,
Jerry Wood,,Jerry Wood,,jerry-wood,,,
Jim Back,,Jim Back,,jim-back,,,
Jim Barnhart,,Jim Barnhart,,jim-barnhart,,,
Jim Cooper,,Jim Cooper,,jim-cooper,,,
Jim Derhaag,,Jim Derhaag,,jim-derhaag,,,
Jim Dyke,,Jim Dyke,,jim-dyke,,,
Jim Gruen,,Jim Gruen,,jim-gruen,,,
Jim Grzanna,,Jim Grzanna,,jim-grzanna,,,
Jim Helland,,Jim Helland,,jim-helland,,,
Jim Johnson (WI),,Jim Johnson (WI),,jim-johnson-wi,,,
Jim Lamoreaux,,Jim Lamoreaux,,jim-lamoreaux,,,
Jim Nusbaum,,Jim Nusbaum,,jim-nusbaum,,,
Jim Pagel,,Jim Pagel,,jim-pagel,,,
Jim Pierson,,Jim Pierson,,jim-pierson,,,
Jim Sauter,,Jim Sauter,,jim-sauter,,,
Jim Vanderberg,,Jim Vanderberg,,jim-vanderberg,,,
Jim Webber,,Jim Webber,,jim-webber,,,
Jim Weber (MN),,Jim Weber (MN),,jim-weber-mn,,,
Jimmy Dragich,,Jimmy Dragich,,jimmy-dragich,,,
Jimmy Finger,,Jimmy Finger,,jimmy-finger,,,
Jimmy Spencer,,Jimmy Spencer,,jimmy-spencer,,,
Joe Bush,,Joe Bush,,joe-bush,,,
Joe Gardipee,,Joe Gardipee,,joe-gardipee,,,
Joe Haferkorn,,Joe Haferkorn,,joe-haferkorn,,,
Joe James,,Joe James,,joe-james,,,
Joe Jutila,,Joe Jutila,,joe-jutila,,,
Joe Kryzkowski,,Joe Kryzkowski,,joe-kryzkowski,,,
Joe Krzykowski,,Joe Krzykowski,,joe-krzykowski,,,
Joe Mazie,,Joe Mazie,,joe-mazie,,,
Joe Ross,,Joe Ross,,joe-ross,,,
Joe Ruttman,,Joe Ruttman,,joe-ruttman,,,
Joe Shear,,Joe Shear,,joe-shear,,,
Joe Tyrell,,Joe Tyrell,,joe-tyrell,,,
Joe Walsh,,Joe Walsh,,joe-walsh,,,
Joel Laufer,,Joel Laufer,,joel-laufer,,,
John Baumeister,,John Baumeister,,john-baumeister,,,
John Boegeman,,John Boegeman,,john-boegeman,,,
John Brevik,,John Brevik,,john-brevik,,,
John Croy,,John Croy,,john-croy,,,
John Doering,,John Doering,,john-doering,,,
John Gearhart,,John Gearhart,,john-gearhart,,,
John Geske,,John Geske,,john-geske,,,
John Grega,,John Grega,,john-grega,,,
John Holdorf,,John Holdorf,,john-holdorf,,,
John Hollifield,,John Hollifield,,john-hollifield,,,
John Jutila,,John Jutila,,john-jutila,,,
John Knaus,,John Knaus,,john-knaus,,,
John Kraus,,John Kraus,,john-kraus,,,
John Loehman,,John Loehman,,john-loehman,,,
John Luther,,John Luther,,john-luther,,,
John McNamara,,John McNamara,,john-mcnamara,,,
John McPartlin,,John McPartlin,,john-mcpartlin,,,
John Moonen,,John Moonen,,john-moonen,,,
John Nutley,,John Nutley,,john-nutley,,,
"John O'Neal, Jr.",,"John O'Neal, Jr.",,john-oneal-jr,,,
John Olson,,John Olson,,john-olson,,,
John Provenzano,,John Provenzano,,john-provenzano,,,
John Sherbit,,John Sherbit,,john-sherbit,,,
John Spear,,John Spear,,john-spear,,,
John Wicht,,John Wicht,,john-wicht,,,
John Zeglar,,John Zeglar,,john-zeglar,,,
John Zeigler,,John Zeigler,,john-zeigler,,,
John Zieglar,,John Zieglar,,john-zieglar,,,
John Ziegler,,John Ziegler,,john-ziegler,,,
Johnny Benson,,Johnny Benson,,johnny-benson,,,
"Johnny Benson, Jr.",,"Johnny Benson, Jr.",,johnny-benson-jr,,,
Johnny Spaw,,Johnny Spaw,,johnny-spaw,,,
Johnson,,Johnson,,johnson,,,
Jon Lemke,,Jon Lemke,,jon-lemke,,,
Jon Reynolds,,Jon Reynolds,,jon-reynolds,,,
Junior Hanley,,Junior Hanley,,junior-hanley,,,
Justin Diercks,,Justin Diercks,,justin-diercks,,,
Keith Janson,,Keith Janson,,keith-janson,,,
Keith Nelson,,Keith Nelson,,keith-nelson,,,
Keith Pearson,,Keith Pearson,,keith-pearson,,,
Keith Reamer,,Keith Reamer,,keith-reamer,,,
Kemperman,,Kemperman,,kemperman,,,
Ken Dickinson,,Ken Dickinson,,ken-dickinson,,,
Ken Lund,,Ken Lund,,ken-lund,,,
Ken Schrader,,Ken Schrader,,ken-schrader,,,
Ken Smith,,Ken Smith,,ken-smith,,,
Ken Weaver (IN),,Ken Weaver (IN),,ken-weaver-in,,,
Kenny King,,Kenny King,,kenny-king,,,
Kenny Mahl,,Kenny Mahl,,kenny-mahl,,,
Kenny Reiser,,Kenny Reiser,,kenny-reiser,,,
Kenny Wallace,,Kenny Wallace,,kenny-wallace,,,
Kent Burkoth,,Kent Burkoth,,kent-burkoth,,,
Kent Pearson,,Kent Pearson,,kent-pearson,,,
Kent Stauffer,,Kent Stauffer,,kent-stauffer,,,
Kent Swartz,,Kent Swartz,,kent-swartz,,,
Kevin Cywinski,,Kevin Cywinski,,kevin-cywinski,,,
Kevin Ege,,Kevin Ege,,kevin-ege,,,
Kevin Gingrich,,Kevin Gingrich,,kevin-gingrich,,,
Kevin Peterson,,Kevin Peterson,,kevin-peterson,,,
Kevin Servais,,Kevin Servais,,kevin-servais,,,
Kevin Stepan,,Kevin Stepan,,kevin-stepan,,,
Kevin Stepen,,Kevin Stepen,,kevin-stepen,,,
Kirby Kurth,,Kirby Kurth,,kirby-kurth,,,
Kirk Grauberger,,Kirk Grauberger,,kirk-grauberger,,,
Kirk Shaw,,Kirk Shaw,,kirk-shaw,,,
Kregg Hurlbert,,Kregg Hurlbert,,kregg-hurlbert,,,
Kyle Petty,,Kyle Petty,,kyle-petty,,,
L.J. Lines,,L.J. Lines,,lj-lines,,,
LaVerne Grandall,,LaVerne Grandall,,laverne-grandall,,,
Larry Conroy,,Larry Conroy,,larry-conroy,,,
Larry Cooper,,Larry Cooper,,larry-cooper,,,
"Larry Dahlke, Jr.",,"Larry Dahlke, Jr.",,larry-dahlke-jr,,,
Larry Detjens,,Larry Detjens,,larry-detjens,,,
"Larry Harvey, Jr.",,"Larry Harvey, Jr.",,larry-harvey-jr,,,
Larry Hicks,,Larry Hicks,,larry-hicks,,,
Larry LeMay,,Larry LeMay,,larry-lemay,,,
Larry Los,,Larry Los,,larry-los,,,
Larry Middleton,,Larry Middleton,,larry-middleton,,,
"Larry Middleton, Jr.",,"Larry Middleton, Jr.",,larry-middleton-jr,,,
Larry Nipple,,Larry Nipple,,larry-nipple,,,
Larry Phillips,,Larry Phillips,,larry-phillips,,,
Larry Schuler,,Larry Schuler,,larry-schuler,,,
Larry Zent,,Larry Zent,,larry-zent,,,
LeRoy Pettis,,LeRoy Pettis,,leroy-pettis,,,
Lee Anderson,,Lee Anderson,,lee-anderson,,,
Lee Schuler,,Lee Schuler,,lee-schuler,,,
Lee Sohns,,Lee Sohns,,lee-sohns,,,
Len Nowosel,,Len Nowosel,,len-nowosel,,,
Leo Mens,,Leo Mens,,leo-mens,,,
Leonard Reimer,,Leonard Reimer,,leonard-reimer,,,
Leroy Schneiderman,,Leroy Schneiderman,,leroy-schneiderman,,,
Les Back,,Les Back,,les-back,,,
Les Ferris,,Les Ferris,,les-ferris,,,
Lowell Bennett,,Lowell Bennett,,lowell-bennett,,,
Lyle Nowak,,Lyle Nowak,,lyle-nowak,,,
M.G. Gajewski,,M.G. Gajewski,,mg-gajewski,,,
Mark Eswein,,Mark Eswein,,mark-eswein,,,
Mark Green (KY),,Mark Green (KY),,mark-green-ky,,,
Mark Johnson,,Mark Johnson,,mark-johnson,,,
Mark Kraus,,Mark Kraus,,mark-kraus,,,
Mark Lamoreaux,,Mark Lamoreaux,,mark-lamoreaux,,,
Mark Mackesy,,Mark Mackesy,,mark-mackesy,,,
Mark Malcuit,,Mark Malcuit,,mark-malcuit,,,
"Mark Martin (Batesville, AR)",,"Mark Martin (Batesville, AR)",,mark-martin-batesville-ar,,,
Mark Noble,,Mark Noble,,mark-noble,,,
Mark Rembolt,,Mark Rembolt,,mark-rembolt,,,
Mark Schroeder,,Mark Schroeder,,mark-schroeder,,,
Marv Marzofka,,Marv Marzofka,,marv-marzofka,,,
Matt Bentz,,Matt Bentz,,matt-bentz,,,
Matt Kenseth,,Matt Kenseth,,matt-kenseth,,,
Mel Walen,,Mel Walen,,mel-walen,,,
Mel Whalen,,Mel Whalen,,mel-whalen,,,
Merle McCullough,,Merle McCullough,,merle-mccullough,,,
Michael Waltrip,,Michael Waltrip,,michael-waltrip,,,
Mike Barlass,,Mike Barlass,,mike-barlass,,,
Mike Belling,,Mike Belling,,mike-belling,,,
Mike Beyer,,Mike Beyer,,mike-beyer,,,
Mike Chase,,Mike Chase,,mike-chase,,,
Mike Devall,,Mike Devall,,mike-devall,,,
Mike Eddy,,Mike Eddy,,mike-eddy,,,
Mike Garvey,,Mike Garvey,,mike-garvey,,,
Mike Goldsberry,,Mike Goldsberry,,mike-goldsberry,,,
Mike Junk,,Mike Junk,,mike-junk,,,
Mike Kelly,,Mike Kelly,,mike-kelly,,,
Mike Kern,,Mike Kern,,mike-kern,,,
Mike Langsdorf,,Mike Langsdorf,,mike-langsdorf,,,
Mike Lorz,,Mike Lorz,,mike-lorz,,,
Mike Martin,,Mike Martin,,mike-martin,,,
Mike Mattson,,Mike Mattson,,mike-mattson,,,
Mike McGrew,,Mike McGrew,,mike-mcgrew,,,
Mike Miller,,Mike Miller,,mike-miller,,,
Mike Miller (WI),,Mike Miller (WI),,mike-miller-wi,,,
Mike Niles,,Mike Niles,,mike-niles,,,
Mike Opperman,,Mike Opperman,,mike-opperman,,,
Mike Pochrus,,Mike Pochrus,,mike-pochrus,,,
Mike Pockrus,,Mike Pockrus,,mike-pockrus,,,
Mike Reichenberger,,Mike Reichenberger,,mike-reichenberger,,,
Mike Simon,,Mike Simon,,mike-simon,,,
Mike Tuma,,Mike Tuma,,mike-tuma,,,
Mike VanSparrentak,,Mike VanSparrentak,,mike-vansparrentak,,,
Mike Varner,,Mike Varner,,mike-varner,,,
Mike White,,Mike White,,mike-white,,,
Monte Gress,,Monte Gress,,monte-gress,,,
Morie Delmore,,Morie Delmore,,morie-delmore,,,
Morry Delmore,,Morry Delmore,,morry-delmore,,,
Muttley Kurkowski,,Muttley Kurkowski,,muttley-kurkowski,,,
Neil Bonnett,,Neil Bonnett,,neil-bonnett,,,
Neil Callahan,,Neil Callahan,,neil-callahan,,,
Neil Knoblock,,Neil Knoblock,,neil-knoblock,,,
Nick Carlson,,Nick Carlson,,nick-carlson,,,
Pat Echlin,,Pat Echlin,,pat-echlin,,,
Pat Gordon,,Pat Gordon,,pat-gordon,,,
Pat Schauer,,Pat Schauer,,pat-schauer,,,
Pat Schuler,,Pat Schuler,,pat-schuler,,,
Pat Tushoski,,Pat Tushoski,,pat-tushoski,,,
Paul Proksch,,Paul Proksch,,paul-proksch,,,
Paul Wallen,,Paul Wallen,,paul-wallen,,,
Perry Redeker,,Perry Redeker,,perry-redeker,,,
Pete Berken,,Pete Berken,,pete-berken,,,
Pete DelCotto,,Pete DelCotto,,pete-delcotto,,,
Pete Moore,,Pete Moore,,pete-moore,,,
Pete Seitz,,Pete Seitz,,pete-seitz,,,
Pete Vandermolen,,Pete Vandermolen,,pete-vandermolen,,,
Pete Weiss,,Pete Weiss,,pete-weiss,,,
Peter Bennett,,Peter Bennett,,peter-bennett,,,
Peter Gibbons,,Peter Gibbons,,peter-gibbons,,,
Peter Parker,,Peter Parker,,peter-parker,,,
Pierre Goulet,,Pierre Goulet,,pierre-goulet,,,
Ralph Bakewell,,Ralph Bakewell,,ralph-bakewell,,,
Randy Goss,,Randy Goss,,randy-goss,,,
Randy Martin,,Randy Martin,,randy-martin,,,
Randy Merriman,,Randy Merriman,,randy-merriman,,,
Randy Sargent,,Randy Sargent,,randy-sargent,,,
Randy Slack,,Randy Slack,,randy-slack,,,
Randy Sweet,,Randy Sweet,,randy-sweet,,,
Randy Wilt,,Randy Wilt,,randy-wilt,,,
Randy Wirth,,Randy Wirth,,randy-wirth,,,
Randy Witt,,Randy Witt,,randy-witt,,,
Ray Daniels,,Ray Daniels,,ray-daniels,,,
Ray Genzler,,Ray Genzler,,ray-genzler,,,
Ray Tocha,,Ray Tocha,,ray-tocha,,,
Ray Young,,Ray Young,,ray-young,,,
Red Denney,,Red Denney,,red-denney,,,
Rex Rossier,,Rex Rossier,,rex-rossier,,,
Rex Steffes,,Rex Steffes,,rex-steffes,,,
Rich Bickle,,Rich Bickle,,rich-bickle,,,
Rich Snyder,,Rich Snyder,,rich-snyder,,,
Rich Somers,,Rich Somers,,rich-somers,,,
Rich Sundling,,Rich Sundling,,rich-sundling,,,
Richard Lofy,,Richard Lofy,,richard-lofy,,,
Richard Reiter,,Richard Reiter,,richard-reiter,,,
Rick Beebe,,Rick Beebe,,rick-beebe,,,
Rick Carelli,,Rick Carelli,,rick-carelli,,,
Rick Fierro,,Rick Fierro,,rick-fierro,,,
Rick Haase,,Rick Haase,,rick-haase,,,
Rick Hanley,,Rick Hanley,,rick-hanley,,,
Rick Rhonemus,,Rick Rhonemus,,rick-rhonemus,,,
Rick Sheppard,,Rick Sheppard,,rick-sheppard,,,
Rick Somolick,,Rick Somolick,,rick-somolick,,,
Rick Spencer,,Rick Spencer,,rick-spencer,,,
Rick Spoo,,Rick Spoo,,rick-spoo,,,
Rick Wateski,,Rick Wateski,,rick-wateski,,,
Ricky Bilderback,,Ricky Bilderback,,ricky-bilderback,,,
Ricky Icenhower,,Ricky Icenhower,,ricky-icenhower,,,
Rob Clarke,,Rob Clarke,,rob-clarke,,,
Robbie Reiser,,Robbie Reiser,,robbie-reiser,,,
Robert Hixon,,Robert Hixon,,robert-hixon,,,
Robert Webster,,Robert Webster,,robert-webster,,,
Rocky Breezer,,Rocky Breezer,,rocky-breezer,,,
Rod Wheeler,,Rod Wheeler,,rod-wheeler,,,
Roger Avants,,Roger Avants,,roger-avants,,,
Roger Herp,,Roger Herp,,roger-herp,,,
Roger Lund,,Roger Lund,,roger-lund,,,
Roger Otto,,Roger Otto,,roger-otto,,,
Roger Von Otto,,Roger Von Otto,,roger-von-otto,,,
Ron Bennett,,Ron Bennett,,ron-bennett,,,
Ron Beyer,,Ron Beyer,,ron-beyer,,,
Ron Bloomberg,,Ron Bloomberg,,ron-bloomberg,,,
Ron Blum,,Ron Blum,,ron-blum,,,
"Ron Breese, Jr.",,"Ron Breese, Jr.",,ron-breese-jr,,,
Ron Collins,,Ron Collins,,ron-collins,,,
Ron Dantzer,,Ron Dantzer,,ron-dantzer,,,
"Ron Hornaday, Jr.",,"Ron Hornaday, Jr.",,ron-hornaday-jr,,,
Ron Paquette,,Ron Paquette,,ron-paquette,,,
Ron Pearn,,Ron Pearn,,ron-pearn,,,
Ron Verneeth,,Ron Verneeth,,ron-verneeth,,,
Roy Shackelford,,Roy Shackelford,,roy-shackelford,,,
Royal Chism,,Royal Chism,,royal-chism,,,
Royce Mason,,Royce Mason,,royce-mason,,,
Rudy Stynoski,,Rudy Stynoski,,rudy-stynoski,,,
Russ Peterson,,Russ Peterson,,russ-peterson,,,
Russ Phillips,,Russ Phillips,,russ-phillips,,,
Rusty Wallace,,Rusty Wallace,,rusty-wallace,,,
Ryl Magoon,,Ryl Magoon,,ryl-magoon,,,
Sam Brundidge,,Sam Brundidge,,sam-brundidge,,,
Scot Field,,Scot Field,,scot-field,,,
"Scott Baker (Holland, MI)",,"Scott Baker (Holland, MI)",,scott-baker-holland-mi,,,
Scott Hansen,,Scott Hansen,,scott-hansen,,,
Scott Keyser,,Scott Keyser,,scott-keyser,,,
Scott Poritz,,Scott Poritz,,scott-poritz,,,
Scott Presley,,Scott Presley,,scott-presley,,,
Scott Wimmer,,Scott Wimmer,,scott-wimmer,,,
Scotty Ollerman,,Scotty Ollerman,,scotty-ollerman,,,
Shane Snow,,Shane Snow,,shane-snow,,,
Skip Shallert,,Skip Shallert,,skip-shallert,,,
Spike Lindley,,Spike Lindley,,spike-lindley,,,
Steve Allison,,Steve Allison,,steve-allison,,,
Steve Arndt,,Steve Arndt,,steve-arndt,,,
Steve Barber,,Steve Barber,,steve-barber,,,
Steve Burgess,,Steve Burgess,,steve-burgess,,,
Steve Carlson,,Steve Carlson,,steve-carlson,,,
Steve Christman,,Steve Christman,,steve-christman,,,
Steve DeWeerd,,Steve DeWeerd,,steve-deweerd,,,
Steve Holhauzen,,Steve Holhauzen,,steve-holhauzen,,,
Steve Holt,,Steve Holt,,steve-holt,,,
Steve Holzhausen,,Steve Holzhausen,,steve-holzhausen,,,
Steve Ives,,Steve Ives,,steve-ives,,,
Steve Lee,,Steve Lee,,steve-lee,,,
Steve Mahannah,,Steve Mahannah,,steve-mahannah,,,
Steve McCarthy,,Steve McCarthy,,steve-mccarthy,,,
Steve Moll,,Steve Moll,,steve-moll,,,
Steve Murgic,,Steve Murgic,,steve-murgic,,,
Steve Paoli,,Steve Paoli,,steve-paoli,,,
Steve Schneider,,Steve Schneider,,steve-schneider,,,
Steve Seligman,,Steve Seligman,,steve-seligman,,,
Steve Shive,,Steve Shive,,steve-shive,,,
Steve Simmons,,Steve Simmons,,steve-simmons,,,
Steve Stinger,,Steve Stinger,,steve-stinger,,,
Steve Tabor,,Steve Tabor,,steve-tabor,,,
Steven Wallace,,Steven Wallace,,steven-wallace,,,
T.J. Mott,,T.J. Mott,,tj-mott,,,
Ted Dolhun,,Ted Dolhun,,ted-dolhun,,,
Ted Musgrave,,Ted Musgrave,,ted-musgrave,,,
Ted Smokstad,,Ted Smokstad,,ted-smokstad,,,
Terry Baldry,,Terry Baldry,,terry-baldry,,,
Terry Cater,,Terry Cater,,terry-cater,,,
Terry Ciano,,Terry Ciano,,terry-ciano,,,
Terry Ford,,Terry Ford,,terry-ford,,,
Terry Laxton,,Terry Laxton,,terry-laxton,,,
Terry Marzofka,,Terry Marzofka,,terry-marzofka,,,
Terry Patnode,,Terry Patnode,,terry-patnode,,,
Terry Senneker,,Terry Senneker,,terry-senneker,,,
Terry Weatherford,,Terry Weatherford,,terry-weatherford,,,
Thom Laimon,,Thom Laimon,,thom-laimon,,,
Tim Cox,,Tim Cox,,tim-cox,,,
Tim Curry,,Tim Curry,,tim-curry,,,
Tim Devos,,Tim Devos,,tim-devos,,,
Tim Fedewa,,Tim Fedewa,,tim-fedewa,,,
Tim Felver,,Tim Felver,,tim-felver,,,
Tim Haen,,Tim Haen,,tim-haen,,,
Tim Kezman,,Tim Kezman,,tim-kezman,,,
Tim Olson,,Tim Olson,,tim-olson,,,
Tim Peters,,Tim Peters,,tim-peters,,,
Tim Rothe,,Tim Rothe,,tim-rothe,,,
Tim Sauter,,Tim Sauter,,tim-sauter,,,
Tim Steele,,Tim Steele,,tim-steele,,,
Tim Swearengin,,Tim Swearengin,,tim-swearengin,,,
Tim Wood,,Tim Wood,,tim-wood,,,
Tod Kropf,,Tod Kropf,,tod-kropf,,,
Todd Blair,,Todd Blair,,todd-blair,,,
Todd Coon,,Todd Coon,,todd-coon,,,
Todd Forbes,,Todd Forbes,,todd-forbes,,,
Todd Galloway,,Todd Galloway,,todd-galloway,,,
Todd Zick,,Todd Zick,,todd-zick,,,
Tom Carlson,,Tom Carlson,,tom-carlson,,,
Tom Cellini,,Tom Cellini,,tom-cellini,,,
Tom Dalton,,Tom Dalton,,tom-dalton,,,
Tom Jones,,Tom Jones,,tom-jones,,,
Tom Kamish,,Tom Kamish,,tom-kamish,,,
Tom Lichtfeld,,Tom Lichtfeld,,tom-lichtfeld,,,
Tom Martin,,Tom Martin,,tom-martin,,,
Tom Morris,,Tom Morris,,tom-morris,,,
Tom Musgrave,,Tom Musgrave,,tom-musgrave,,,
Tom Reffner,,Tom Reffner,,tom-reffner,,,
Tom Spierowski,,Tom Spierowski,,tom-spierowski,,,
Tom Thompson,,Tom Thompson,,tom-thompson,,,
Tony Herkto,,Tony Herkto,,tony-herkto,,,
Tony Hertko,,Tony Hertko,,tony-hertko,,,
Tony Izzo,,Tony Izzo,,tony-izzo,,,
Tony Norem,,Tony Norem,,tony-norem,,,
Tony Pittman,,Tony Pittman,,tony-pittman,,,
Tony Raines,,Tony Raines,,tony-raines,,,
Tony Roper,,Tony Roper,,tony-roper,,,
"Tony Stewart (Columbus, IN)",,"Tony Stewart (Columbus, IN)",,tony-stewart-columbus-in,,,
Tony Strupp,,Tony Strupp,,tony-strupp,,,
Trace Embry,,Trace Embry,,trace-embry,,,
Tracy Ammerman,,Tracy Ammerman,,tracy-ammerman,,,
Tracy Leslie,,Tracy Leslie,,tracy-leslie,,,
Tracy Schuler,,Tracy Schuler,,tracy-schuler,,,
Travis Kvapil,,Travis Kvapil,,travis-kvapil,,,
Troy Constable,,Troy Constable,,troy-constable,,,
Troy Cozad,,Troy Cozad,,troy-cozad,,,
Troy Sweet,,Troy Sweet,,troy-sweet,,,
Vern Browne,,Vern Browne,,vern-browne,,,
Vern Slagh,,Vern Slagh,,vern-slagh,,,
Wayne Breitenfeldt,,Wayne Breitenfeldt,,wayne-breitenfeldt,,,
Wayne Keeling,,Wayne Keeling,,wayne-keeling,,,
Wayne Kullman,,Wayne Kullman,,wayne-kullman,,,
Wayne Lansing,,Wayne Lansing,,wayne-lansing,,,
Wayne Lensing,,Wayne Lensing,,wayne-lensing,,,
Wayne Lessing,,Wayne Lessing,,wayne-lessing,,,
Wayne Lodholz,,Wayne Lodholz,,wayne-lodholz,,,
Wayne Para,,Wayne Para,,wayne-para,,,
Wayne Roffers,,Wayne Roffers,,wayne-roffers,,,
Willie Goeden,,Willie Goeden,,willie-goeden,,,
Woody Church,,Woody Church,,woody-church,,,
Woody Pool,,Woody Pool,,woody-pool,,,
